City_ID,City,Country,Date,Lat,Lng,Max Temp,Humidity,Cloudiness,Wind Speed
0,Marsh Harbour,BS,2020-11-29 03:16:26,26.54,-77.06,74.7,66,79,5.01
1,Pittsburg,US,2020-11-29 03:15:21,38.03,-121.88,52.0,49,0,1.45
2,Ushtobe,KZ,2020-11-29 03:16:26,45.25,77.98,25.48,95,48,11.34
3,Jamestown,US,2020-11-29 03:16:26,42.1,-79.24,35.01,59,1,9.17
4,Bitung,ID,2020-11-29 03:16:27,1.45,125.18,78.8,94,40,6.93
5,Osa,RU,2020-11-29 03:16:27,57.28,55.46,11.95,94,0,2.95
6,Avera,US,2020-11-29 03:16:27,33.19,-82.53,55.4,96,90,3.69
7,Iracoubo,GF,2020-11-29 03:16:27,5.48,-53.2,78.31,90,51,6.29
8,Belmonte,BR,2020-11-29 03:16:27,-15.86,-38.88,71.6,88,20,4.7
9,Micheweni,TZ,2020-11-29 03:16:27,-4.97,39.83,79.48,78,83,3.18
10,Fare,PF,2020-11-29 03:16:27,-16.7,-151.02,82.76,71,13,5.73
11,Vagay,RU,2020-11-29 03:16:27,57.94,69.02,2.07,94,2,3.04
12,Castro,BR,2020-11-29 03:16:27,-24.79,-50.01,63.59,96,95,5.95
13,Sokolo,ML,2020-11-29 03:16:27,14.73,-6.12,68.54,24,0,8.99
14,Nioro,GM,2020-11-29 03:16:28,13.35,-15.75,68.99,26,41,5.79
15,Daru,PG,2020-11-29 03:16:28,-9.08,143.21,86.11,63,54,7.85
16,Kununurra,AU,2020-11-29 03:16:28,-15.77,128.73,98.6,32,26,9.17
17,Hilo,US,2020-11-29 03:14:53,19.73,-155.09,80.6,57,1,9.17
18,Namatanai,PG,2020-11-29 03:16:28,-3.67,152.43,85.15,71,61,6.04
19,Busselton,AU,2020-11-29 03:16:28,-33.65,115.33,64.51,55,100,11.18
20,Ayr,GB,2020-11-29 03:16:28,55.46,-4.63,35.6,93,20,4.09
21,Butaritari,KI,2020-11-29 03:16:28,3.07,172.79,81.63,82,0,14.72
22,Powell,US,2020-11-29 03:16:28,40.16,-83.08,37.4,74,1,5.82
23,Vaini,TO,2020-11-29 03:16:28,-21.2,-175.2,82.4,74,75,21.92
24,Rio Gallegos,AR,2020-11-29 03:15:04,-51.62,-69.22,48.2,42,0,21.92
25,Ushuaia,AR,2020-11-29 03:15:26,-54.8,-68.3,42.8,86,75,20.8
26,Odweyne,SO,2020-11-29 03:16:29,9.41,45.06,64.98,76,0,2.08
27,Rikitea,PF,2020-11-29 03:16:29,-23.12,-134.97,76.75,81,100,11.41
28,Cidreira,BR,2020-11-29 03:16:29,-30.18,-50.21,73.22,86,36,19.73
29,Hermanus,ZA,2020-11-29 03:13:41,-34.42,19.23,52.0,93,41,6.49
30,Twentynine Palms,US,2020-11-29 03:16:29,34.14,-116.05,51.8,18,1,8.05
31,Mataura,NZ,2020-11-29 03:16:29,-46.19,168.86,60.01,65,80,10.0
32,Merritt,CA,2020-11-29 03:16:29,50.11,-120.79,37.4,86,40,4.7
33,Bethel,US,2020-11-29 03:16:29,41.37,-73.41,37.99,86,1,4.7
34,New Norfolk,AU,2020-11-29 03:16:30,-42.78,147.06,70.0,45,50,5.01
35,Lluta,PE,2020-11-29 03:16:30,-16.01,-72.01,52.68,60,95,2.59
36,Katsuura,JP,2020-11-29 03:12:16,35.13,140.3,57.99,50,75,4.7
37,Mar Del Plata,AR,2020-11-29 03:16:30,-38.0,-57.56,66.2,93,90,8.05
38,Mogadishu,SO,2020-11-29 03:16:30,2.04,45.34,78.46,79,0,11.74
39,Port Alfred,ZA,2020-11-29 03:16:30,-33.59,26.89,62.4,82,42,12.57
40,Jurm,AF,2020-11-29 03:16:30,36.86,70.83,36.82,62,100,4.63
41,Wilmington,US,2020-11-29 03:15:17,34.23,-77.94,57.99,93,1,3.47
42,Saskylakh,RU,2020-11-29 03:16:30,71.92,114.08,13.15,94,99,12.8
43,Zyryanka,RU,2020-11-29 03:16:31,65.75,150.85,-9.92,91,87,0.74
44,Kavieng,PG,2020-11-29 03:16:31,-2.57,150.8,84.34,77,100,10.54
45,Dikson,RU,2020-11-29 03:16:31,73.51,80.55,30.81,98,100,17.4
46,Hasaki,JP,2020-11-29 03:16:31,35.73,140.83,52.0,57,75,4.7
47,Atuona,PF,2020-11-29 03:16:31,-9.8,-139.03,79.34,72,1,16.02
48,Jambi,ID,2020-11-29 03:15:48,-1.6,103.62,80.01,83,100,3.53
49,Waddan,LY,2020-11-29 03:16:31,29.16,16.14,62.04,32,63,10.22
50,Salym,RU,2020-11-29 03:16:31,60.06,71.48,2.5,94,0,2.75
51,Victoria,HK,2020-11-29 03:14:15,22.29,114.16,70.0,65,67,1.99
52,Bathsheba,BB,2020-11-29 03:16:31,13.22,-59.52,80.6,83,40,14.99
53,Port Elizabeth,ZA,2020-11-29 03:16:32,-33.92,25.57,59.0,93,0,6.93
54,Kapaa,US,2020-11-29 03:16:03,22.08,-159.32,78.8,74,75,14.99
55,Kavaratti,IN,2020-11-29 03:16:32,10.57,72.64,82.8,69,44,8.32
56,Geraldton,AU,2020-11-29 03:16:32,-28.77,114.6,75.2,53,0,17.22
57,Acapulco,MX,2020-11-29 03:16:32,16.86,-99.89,80.6,78,40,5.82
58,Hithadhoo,MV,2020-11-29 03:16:32,-0.6,73.08,82.29,68,31,8.34
59,Lichinga,MZ,2020-11-29 03:16:32,-13.31,35.24,61.72,87,19,4.03
60,Punta Arenas,CL,2020-11-29 03:16:32,-53.15,-70.92,39.2,86,40,16.11
61,Mayumba,GA,2020-11-29 03:16:33,-3.43,10.66,76.68,86,100,4.25
62,Ulluaya,RU,2020-11-29 03:16:33,42.37,47.37,48.2,87,90,15.66
63,Khatanga,RU,2020-11-29 03:16:33,71.97,102.5,12.38,95,100,19.51
64,Clonakilty,IE,2020-11-29 03:16:33,51.62,-8.87,51.01,100,75,9.17
65,Mandalgovi,MN,2020-11-29 03:16:33,45.76,106.27,4.89,89,24,10.89
66,Beckley,US,2020-11-29 03:15:32,37.78,-81.19,35.6,80,1,2.66
67,Pevek,RU,2020-11-29 03:16:33,69.7,170.31,9.55,95,100,12.62
68,Carnarvon,AU,2020-11-29 03:16:33,-24.87,113.63,75.2,64,0,13.87
69,Los Algarrobos,PA,2020-11-29 03:16:33,8.5,-82.43,77.0,87,96,1.01
70,Albany,US,2020-11-29 03:12:36,42.6,-73.97,37.0,92,20,3.36
71,Mackay,AU,2020-11-29 03:16:34,-21.15,149.2,87.01,48,8,9.17
72,Flinders,AU,2020-11-29 03:16:34,-34.58,150.86,100.0,35,82,14.0
73,Rawson,AR,2020-11-29 03:16:34,-43.3,-65.1,53.8,66,53,6.67
74,Hollins,US,2020-11-29 03:16:34,37.34,-79.94,44.6,56,1,6.93
75,Tuktoyaktuk,CA,2020-11-29 03:16:34,69.45,-133.04,6.8,84,75,8.05
76,Makungu,TZ,2020-11-29 03:16:34,-8.73,35.28,62.33,91,79,2.13
77,Faanui,PF,2020-11-29 03:16:34,-16.48,-151.75,81.43,75,45,6.87
78,Sosua,DO,2020-11-29 03:16:34,19.77,-70.52,73.4,94,40,7.49
79,Leninskoye,KZ,2020-11-29 03:16:35,41.76,69.39,26.6,79,0,4.7
80,Eureka,US,2020-11-29 03:16:35,40.8,-124.16,44.01,88,79,2.57
81,Quartz Hill,US,2020-11-29 03:16:35,34.65,-118.22,51.8,27,1,8.05
82,Zhigansk,RU,2020-11-29 03:16:35,66.77,123.37,-8.41,91,45,4.63
83,Fukue,JP,2020-11-29 03:16:35,32.69,128.84,50.0,57,75,10.29
84,Ourossogui,SN,2020-11-29 03:16:35,15.61,-13.32,72.34,24,90,8.57
85,Ponta Do Sol,PT,2020-11-29 03:16:35,32.67,-17.1,57.2,62,40,10.29
86,Grants,US,2020-11-29 03:16:35,35.15,-107.85,32.0,83,1,11.41
87,Aurillac,FR,2020-11-29 03:16:35,44.92,2.45,42.01,86,0,4.7
88,Moerai,PF,2020-11-29 03:16:35,-22.43,-151.33,77.31,88,92,14.0
89,Kangaatsiaq,GL,2020-11-29 03:16:36,68.31,-53.46,16.38,87,100,11.7
90,Yulara,AU,2020-11-29 03:16:36,-25.24,130.99,91.4,29,2,14.99
91,Marzuq,YE,2020-11-29 03:16:36,14.4,46.47,59.38,81,0,4.94
92,Nikolskoye,RU,2020-11-29 03:16:36,59.7,30.79,30.2,86,90,11.18
93,Krasnoselkup,RU,2020-11-29 03:16:36,65.7,82.47,-4.63,91,82,10.09
94,Sitka,US,2020-11-29 03:16:36,57.05,-135.33,46.4,65,75,16.11
95,Hostotipaquillo,MX,2020-11-29 03:16:36,21.07,-104.07,64.99,76,0,4.0
96,Sorland,NO,2020-11-29 03:16:37,67.67,12.69,46.0,82,97,30.38
97,Qaanaaq,GL,2020-11-29 03:16:37,77.48,-69.36,-1.26,87,100,1.72
98,Sipoo,FI,2020-11-29 03:16:37,60.38,25.27,34.0,96,75,6.93
99,Nichinan,JP,2020-11-29 03:16:37,31.6,131.37,57.2,43,20,6.93
100,Cape Town,ZA,2020-11-29 03:16:32,-33.93,18.42,61.0,67,0,13.87
101,Morant Bay,JM,2020-11-29 03:16:37,17.88,-76.41,78.8,74,20,8.05
102,Kunya,NG,2020-11-29 03:16:37,12.22,8.53,62.6,63,0,2.24
103,Ancud,CL,2020-11-29 03:16:37,-41.87,-73.82,43.0,86,0,3.36
104,Mehran,IR,2020-11-29 03:16:37,33.12,46.16,42.8,100,90,2.24
105,Upernavik,GL,2020-11-29 03:16:38,72.79,-56.15,3.85,72,100,5.35
106,Emerald,AU,2020-11-29 03:16:38,-23.53,148.17,91.0,31,0,10.29
107,Bhadrak,IN,2020-11-29 03:16:38,21.06,86.51,75.42,37,0,5.17
108,Tiksi,RU,2020-11-29 03:16:38,71.69,128.87,-1.62,90,100,10.78
109,Bubaque,GW,2020-11-29 03:16:38,11.28,-15.83,80.76,57,27,12.06
110,Bredasdorp,ZA,2020-11-29 03:16:38,-34.53,20.04,50.0,87,17,4.7
111,Hukuntsi,BW,2020-11-29 03:16:38,-24.0,21.75,71.04,65,100,9.46
112,General Roca,AR,2020-11-29 03:16:39,-39.03,-67.58,69.8,40,40,23.04
113,Thunder Bay,CA,2020-11-29 03:13:02,48.4,-89.32,33.01,92,75,2.44
114,Rongcheng,CN,2020-11-29 03:16:37,30.63,117.85,45.19,79,99,5.06
115,Cap Malheureux,MU,2020-11-29 03:16:39,-19.98,57.61,73.99,85,0,5.99
116,Leshukonskoye,RU,2020-11-29 03:16:39,64.9,45.76,16.39,95,9,6.96
117,Gizo,SB,2020-11-29 03:16:39,-8.1,156.84,85.01,68,100,4.79
118,Rosita,NI,2020-11-29 03:16:39,13.93,-84.4,70.9,97,7,1.48
119,Moengo,SR,2020-11-29 03:16:39,5.62,-54.4,74.79,95,99,2.33
120,Price,US,2020-11-29 03:16:36,39.6,-110.81,26.6,49,1,6.93
121,Ryotsu,JP,2020-11-29 03:16:40,38.08,138.43,46.4,75,75,11.41
122,Alzamay,RU,2020-11-29 03:16:40,55.56,98.66,8.38,92,28,0.51
123,Timmins,CA,2020-11-29 03:15:37,48.47,-81.33,32.0,99,90,2.24
124,Kruisfontein,ZA,2020-11-29 03:16:40,-34.0,24.73,59.0,94,2,1.99
125,East London,ZA,2020-11-29 03:16:40,-33.02,27.91,60.8,93,0,5.82
126,Coihaique,CL,2020-11-29 03:16:40,-45.58,-72.07,44.6,48,0,6.93
127,Katobu,ID,2020-11-29 03:16:40,-4.94,122.53,88.41,63,95,6.73
128,Avarua,CK,2020-11-29 03:16:40,-21.21,-159.78,80.6,88,100,11.41
129,Ulladulla,AU,2020-11-29 03:16:40,-35.35,150.47,95.0,29,88,29.97
130,Kambia,SL,2020-11-29 03:16:41,9.12,-12.92,76.8,90,88,2.48
131,Port Jervis,US,2020-11-29 03:16:41,41.38,-74.69,34.0,70,0,1.99
132,Bluff,NZ,2020-11-29 03:16:41,-46.6,168.33,60.01,65,6,10.0
133,Binga,ZW,2020-11-29 03:16:41,-17.62,27.34,72.82,78,47,1.77
134,Torbay,CA,2020-11-29 03:16:41,47.67,-52.73,52.0,100,90,4.7
135,Constitucion,CL,2020-11-29 03:16:41,-35.33,-72.42,54.39,87,0,10.13
136,Hobart,AU,2020-11-29 03:16:41,-42.88,147.33,70.0,45,40,16.11
137,Ambon,ID,2020-11-29 03:16:41,-3.7,128.18,84.2,79,40,8.05
138,Ayorou,NE,2020-11-29 03:16:41,14.73,0.92,76.32,18,0,9.91
139,Gazojak,TM,2020-11-29 03:12:03,41.19,61.4,28.8,93,1,12.26
140,Longyearbyen,SJ,2020-11-29 03:15:33,78.22,15.64,24.8,79,75,23.04
141,Komsomolskiy,UZ,2020-11-29 03:16:42,40.43,71.72,26.6,79,2,6.93
142,Lasa,IT,2020-11-29 03:16:42,46.62,10.7,28.4,79,5,3.36
143,Vila Franca Do Campo,PT,2020-11-29 03:16:42,37.72,-25.43,53.6,62,20,21.92
144,Labuhan,ID,2020-11-29 03:16:42,-6.88,112.21,81.03,80,100,4.52
145,Zalantun,CN,2020-11-29 03:16:42,48.0,122.72,15.4,73,0,10.04
146,Asau,RO,2020-11-29 03:16:42,46.43,26.4,30.0,14,99,3.06
147,Bengkulu,ID,2020-11-29 03:16:42,-3.8,102.27,78.12,80,100,6.64
148,Paungde,MM,2020-11-29 03:16:43,18.48,95.5,74.8,73,1,11.25
149,Springfield,US,2020-11-29 03:15:06,37.22,-93.3,42.01,74,1,3.36
150,Lubango,AO,2020-11-29 03:16:43,-14.92,13.49,62.62,89,100,1.36
151,Codrington,AU,2020-11-29 03:16:43,-38.27,141.97,61.16,65,100,14.34
152,Klaksvik,FO,2020-11-29 03:16:43,62.23,-6.59,42.8,81,100,11.41
153,Salalah,OM,2020-11-29 03:16:43,17.02,54.09,73.4,64,0,3.36
154,Nouakchott,MR,2020-11-29 03:16:43,18.09,-15.98,66.2,72,100,11.41
155,Ostrovnoy,RU,2020-11-29 03:16:43,68.05,39.51,29.44,95,100,34.96
156,San Jose,US,2020-11-29 03:15:04,37.34,-121.89,53.01,53,5,1.48
157,Camacha,PT,2020-11-29 03:16:43,33.08,-16.33,57.2,76,40,19.46
158,Georgetown,MY,2020-11-29 03:16:44,5.41,100.34,84.2,78,20,4.7
159,Mildura,AU,2020-11-29 03:16:44,-34.2,142.15,78.01,29,0,8.05
160,Olot,ES,2020-11-29 03:16:44,42.18,2.49,54.0,97,98,3.18
161,Barrow,US,2020-11-29 03:16:30,71.29,-156.79,8.6,78,90,5.82
162,Hailun,CN,2020-11-29 03:16:44,47.45,126.93,13.71,86,0,4.88
163,Lubu,CN,2020-11-29 03:16:44,23.17,112.28,64.0,99,1,5.44
164,Asfi,MA,2020-11-29 03:16:44,32.3,-9.24,63.0,78,99,16.35
165,Porto Novo,BJ,2020-11-29 03:16:45,6.5,2.6,78.35,85,42,4.54
166,Arraial Do Cabo,BR,2020-11-29 03:16:45,-22.97,-42.03,74.43,88,92,19.15
167,Vila Velha,BR,2020-11-29 03:12:33,-20.33,-40.29,75.2,88,40,2.24
168,Atambua,ID,2020-11-29 03:16:45,-9.11,124.89,90.07,46,55,2.86
169,Ribeira Grande,PT,2020-11-29 03:16:45,38.52,-28.7,57.16,68,75,28.86
170,Chuy,UY,2020-11-29 03:16:45,-33.7,-53.46,70.32,96,100,11.36
171,Santa Cruz De La Palma,ES,2020-11-29 03:16:45,28.68,-17.76,62.6,88,0,4.7
172,Lompoc,US,2020-11-29 03:13:23,34.64,-120.46,52.0,76,1,4.36
173,Itoman,JP,2020-11-29 03:13:33,26.12,127.67,71.6,53,75,21.92
174,Sao Filipe,CV,2020-11-29 03:16:45,14.9,-24.5,74.82,74,100,16.35
175,Saint-Augustin,CA,2020-11-29 03:16:46,51.23,-58.65,31.08,98,100,10.33
176,Jardim,BR,2020-11-29 03:16:46,-21.48,-56.14,79.18,50,25,2.33
177,Tarko-Sale,RU,2020-11-29 03:16:46,64.92,77.78,-5.01,85,31,10.13
178,Derzhavinsk,KZ,2020-11-29 03:16:46,51.1,66.32,4.23,94,23,8.25
179,Tilichiki,RU,2020-11-29 03:16:46,60.47,166.1,5.67,91,0,11.3
180,Inhambane,MZ,2020-11-29 03:16:46,-23.86,35.38,75.2,87,51,7.63
181,Inongo,CD,2020-11-29 03:16:46,-1.95,18.27,69.58,91,94,3.51
182,Mahebourg,MU,2020-11-29 03:16:46,-20.41,57.7,77.0,78,40,10.29
183,Hulan Ergi,CN,2020-11-29 03:16:46,47.2,123.63,18.14,72,0,6.91
184,Alibag,IN,2020-11-29 03:16:46,18.64,72.88,82.4,58,0,6.85
185,Chumikan,RU,2020-11-29 03:16:47,54.72,135.31,7.25,85,99,11.86
186,Tabou,CI,2020-11-29 03:16:47,4.42,-7.35,77.68,85,47,4.85
187,Pisco,PE,2020-11-29 03:16:47,-13.7,-76.22,64.99,88,0,13.87
188,Clyde River,CA,2020-11-29 03:16:47,70.47,-68.59,-5.8,83,90,18.34
189,Sala,MA,2020-11-29 03:13:10,34.04,-6.82,62.6,63,75,11.41
190,Chalon-Sur-Saone,FR,2020-11-29 03:12:20,46.78,4.85,30.99,96,0,1.01
191,High Rock,BS,2020-11-29 03:16:47,26.62,-78.28,74.62,68,54,5.68
192,Liverpool,GB,2020-11-29 03:16:47,53.41,-2.98,48.2,93,100,8.05
193,Iqaluit,CA,2020-11-29 03:16:47,63.75,-68.51,1.4,77,90,41.38
194,Tessalit,ML,2020-11-29 03:16:48,20.2,1.01,60.37,33,3,9.13
195,Arrah,IN,2020-11-29 03:15:15,25.57,84.67,60.8,77,0,4.85
196,Lavrentiya,RU,2020-11-29 03:15:48,65.58,-171.0,19.27,92,91,16.13
197,Benoy,TD,2020-11-29 03:16:48,8.98,16.32,68.31,34,66,5.19
198,Vanimo,PG,2020-11-29 03:16:48,-2.67,141.3,83.64,78,35,6.76
199,Esperance,AU,2020-11-29 03:16:48,-33.87,121.9,73.4,40,100,13.87
200,Mao,ES,2020-11-29 03:16:48,39.89,4.27,53.6,93,96,6.93
201,Lebu,CL,2020-11-29 03:16:48,-37.62,-73.65,54.1,91,93,13.65
202,Kaitangata,NZ,2020-11-29 03:16:48,-46.28,169.85,57.0,75,70,4.0
203,Merauke,ID,2020-11-29 03:16:48,-8.47,140.33,87.04,61,19,8.55
204,Dakar,SN,2020-11-29 03:14:29,14.69,-17.44,69.8,77,0,11.41
205,Puerto Ayora,EC,2020-11-29 03:16:49,-0.74,-90.35,71.01,92,94,3.0
206,Padang,ID,2020-11-29 03:14:46,-0.95,100.35,78.17,78,100,3.02
207,San Bartolome De Tirajana,ES,2020-11-29 03:16:49,27.92,-15.57,63.0,77,20,5.82
208,Solvychegodsk,RU,2020-11-29 03:16:49,61.33,46.92,14.58,95,0,5.79
209,Rio Grande,BR,2020-11-29 03:16:49,-32.03,-52.1,73.0,94,100,7.34
210,Comodoro Rivadavia,AR,2020-11-29 03:16:49,-45.87,-67.5,59.0,22,0,14.99
211,Ust-Nera,RU,2020-11-29 03:16:49,64.57,143.2,-12.44,81,21,0.74
212,Airai,TL,2020-11-29 03:16:50,-8.93,125.41,82.33,40,52,3.78
213,Ponta Delgada,PT,2020-11-29 03:13:45,37.73,-25.67,53.6,62,20,21.92
214,Alofi,NU,2020-11-29 03:16:50,-19.06,-169.92,80.6,88,100,6.93
215,Sonkovo,RU,2020-11-29 03:16:50,57.78,37.16,24.39,98,100,9.55
216,Tasiilaq,GL,2020-11-29 03:16:50,65.61,-37.64,17.6,52,29,9.17
217,Acari,PE,2020-11-29 03:16:50,-15.43,-74.62,71.13,63,99,2.1
218,Xinzhi,CN,2020-11-29 03:16:50,36.5,111.7,38.97,68,7,7.56
219,Barahona,DO,2020-11-29 03:16:50,18.21,-71.1,75.78,81,22,4.94
220,Afonino,RU,2020-11-29 03:16:50,56.26,44.09,30.2,100,90,8.95
221,Egvekinot,RU,2020-11-29 03:16:50,66.32,-179.17,9.77,90,100,9.86
222,Senno,RU,2020-11-29 03:16:51,59.53,33.92,27.0,87,83,5.99
223,Kungurtug,RU,2020-11-29 03:16:51,50.6,97.52,3.99,83,0,1.05
224,Moussoro,TD,2020-11-29 03:16:51,13.64,16.49,69.06,25,0,10.65
225,Kristianstad,SE,2020-11-29 03:16:51,56.03,14.15,32.0,97,0,5.82
226,Kourou,GF,2020-11-29 03:16:51,5.16,-52.65,75.2,100,20,2.24
227,Miyazu,JP,2020-11-29 03:16:51,35.53,135.18,48.2,87,20,1.12
228,Yellowknife,CA,2020-11-29 03:14:47,62.46,-114.35,7.0,84,90,10.29
229,Leningradskiy,RU,2020-11-29 03:16:51,69.38,178.42,15.15,93,100,18.07
230,Yakeshi,CN,2020-11-29 03:16:52,49.28,120.73,-2.34,91,72,3.78
231,Bandarbeyla,SO,2020-11-29 03:16:52,9.49,50.81,75.36,77,0,11.59
232,Cherskiy,RU,2020-11-29 03:16:52,68.75,161.3,-6.27,91,100,4.54
233,Pacific Grove,US,2020-11-29 03:16:52,36.62,-121.92,50.0,57,1,5.82
234,Dzilam Gonzalez,MX,2020-11-29 03:16:52,21.28,-88.93,73.04,90,16,6.8
235,Bossier City,US,2020-11-29 03:14:09,32.52,-93.73,53.6,66,90,5.82
236,Saint-Philippe,RE,2020-11-29 03:16:52,-21.36,55.77,78.8,54,0,3.36
237,Bayan,CN,2020-11-29 03:16:52,46.08,127.4,8.91,93,0,7.61
238,Half Moon Bay,US,2020-11-29 03:16:52,37.46,-122.43,53.01,57,1,4.7
239,Maningrida,AU,2020-11-29 03:16:52,-12.07,134.27,93.83,42,28,10.31
240,Skibotn,NO,2020-11-29 03:16:53,69.39,20.27,42.8,87,90,42.5
241,Gawler,AU,2020-11-29 03:15:04,-34.6,138.73,72.0,52,0,10.0
242,Sabang,ID,2020-11-29 03:16:53,5.89,95.32,79.75,83,100,15.05
243,Nelson Bay,AU,2020-11-29 03:16:53,-32.72,152.15,102.2,16,98,20.8
244,Bambous Virieux,MU,2020-11-29 03:16:53,-20.34,57.76,77.0,78,40,10.29
245,Norman Wells,CA,2020-11-29 03:16:53,65.28,-126.83,-9.4,83,40,6.93
246,Neiafu,TO,2020-11-29 03:16:53,-18.65,-173.98,78.8,94,90,6.93
247,Broome,US,2020-11-29 03:16:53,42.25,-75.83,30.99,86,0,4.79
248,Apatin,RS,2020-11-29 03:16:53,45.67,18.98,33.8,96,90,3.36
249,Borogontsy,RU,2020-11-29 03:16:53,62.67,131.17,-19.43,87,35,0.76
250,Severo-Kurilsk,RU,2020-11-29 03:16:54,50.68,156.12,29.73,91,81,9.22
251,Dosso,NE,2020-11-29 03:16:54,13.05,3.19,71.33,34,0,3.38
252,Jalu,LY,2020-11-29 03:16:54,29.03,21.55,55.17,59,0,12.35
253,Corinto,GR,2020-11-29 03:12:32,37.94,22.96,51.01,57,100,1.99
254,Alice Springs,AU,2020-11-29 03:16:54,-23.7,133.88,99.0,28,0,11.41
255,Pandrup,DK,2020-11-29 03:16:54,57.22,9.68,35.01,91,1,1.01
256,Tiznit,MA,2020-11-29 03:16:54,29.58,-9.5,54.46,77,0,1.5
257,Talitsa,RU,2020-11-29 03:16:54,56.88,60.02,-7.6,83,20,0.69
258,Dunedin,NZ,2020-11-29 03:15:06,-45.87,170.5,57.0,64,31,17.0
259,Toora-Khem,RU,2020-11-29 03:16:54,52.47,96.11,1.29,87,13,1.41
260,Saint-Pierre,RE,2020-11-29 03:16:55,-21.34,55.48,78.8,54,0,3.36
261,Vao,NC,2020-11-29 03:16:55,-22.67,167.48,73.38,69,15,12.1
262,Khanapur,IN,2020-11-29 03:16:55,15.63,74.52,68.0,94,40,9.17
263,Iralaya,HN,2020-11-29 03:16:55,15.0,-83.23,78.67,85,62,9.62
264,Sao Jose Da Coroa Grande,BR,2020-11-29 03:16:55,-8.9,-35.15,76.33,80,58,10.58
265,Naze,JP,2020-11-29 03:16:55,28.37,129.48,66.2,63,75,10.29
266,Caravelas,BR,2020-11-29 03:16:55,-17.71,-39.25,73.13,89,59,6.33
267,Bloemfontein,ZA,2020-11-29 03:16:55,-29.12,26.21,53.6,100,0,1.12
268,Zhezkazgan,KZ,2020-11-29 03:16:55,47.8,67.71,8.02,94,0,10.63
269,Trairi,BR,2020-11-29 03:16:56,-3.28,-39.27,80.47,73,87,13.82
270,Zaysan,KZ,2020-11-29 03:16:56,47.47,84.87,24.08,92,100,5.26
271,Quthing,LS,2020-11-29 03:16:56,-30.4,27.7,58.8,75,77,1.97
272,Nishihara,JP,2020-11-29 03:16:56,26.18,127.76,71.6,53,75,21.92
273,Nazarovo,RU,2020-11-29 03:15:15,56.01,90.39,4.21,90,0,5.68
274,Zvishavane,ZW,2020-11-29 03:16:56,-20.33,30.07,68.85,90,99,0.16
275,Port Macquarie,AU,2020-11-29 03:16:56,-31.43,152.92,107.01,16,90,1.99
276,Ilek,RU,2020-11-29 03:16:57,51.53,53.38,21.25,97,100,7.63
277,Batagay-Alyta,RU,2020-11-29 03:16:57,67.8,130.41,-5.15,82,0,2.19
278,Thompson,CA,2020-11-29 03:16:57,55.74,-97.86,15.8,85,90,5.82
279,Timra,SE,2020-11-29 03:16:57,62.49,17.33,27.0,92,0,4.7
280,Yenagoa,NG,2020-11-29 03:16:57,4.92,6.26,74.59,93,93,2.55
281,Suhbaatar,MN,2020-11-29 03:15:24,50.23,106.21,9.81,89,96,4.79
282,Glendive,US,2020-11-29 03:16:57,47.11,-104.71,28.99,74,1,19.46
283,Benghazi,LY,2020-11-29 03:16:57,32.12,20.07,62.02,58,95,25.46
284,Port-Gentil,GA,2020-11-29 03:16:57,-0.72,8.78,78.51,83,100,10.2
285,Saint-Francois,FR,2020-11-29 03:16:58,46.42,3.91,30.0,92,0,1.12
286,Lata,PT,2020-11-29 03:16:58,40.16,-8.33,48.0,94,64,1.01
287,Novosokolniki,RU,2020-11-29 03:16:58,56.35,30.16,30.47,96,69,7.7
288,Port Hardy,CA,2020-11-29 03:16:58,50.7,-127.42,44.6,100,75,4.7
289,Barsovo,RU,2020-11-29 03:16:58,61.17,73.17,-2.2,84,75,2.24
290,Flin Flon,CA,2020-11-29 03:16:58,54.77,-101.86,5.18,90,86,10.76
291,Tura,IN,2020-11-29 03:16:58,25.52,90.22,71.6,59,0,1.95
292,Wajid,SO,2020-11-29 03:16:58,3.81,43.25,73.09,79,12,11.63
293,Aldan,RU,2020-11-29 03:16:58,58.6,125.39,-2.54,92,100,5.93
294,Bumba,CD,2020-11-29 03:16:58,2.18,22.47,70.56,94,100,1.92
295,Mardin,TR,2020-11-29 03:16:59,37.31,40.74,50.0,61,20,11.41
296,Mehamn,NO,2020-11-29 03:16:59,71.04,27.85,34.92,86,87,21.12
297,Tottori,JP,2020-11-29 03:13:46,35.5,134.23,51.8,66,75,11.41
298,Karmala,IN,2020-11-29 03:16:59,18.42,75.2,72.05,71,4,10.71
299,Porto San Giorgio,IT,2020-11-29 03:16:59,43.18,13.79,46.99,90,93,2.15
300,Harwich,GB,2020-11-29 03:16:59,51.94,1.28,46.99,89,0,4.0
301,Miyako,JP,2020-11-29 03:16:59,39.64,141.95,44.98,58,99,4.21
302,Durres,AL,2020-11-29 03:14:57,41.32,19.44,37.4,86,75,2.24
303,Osakarovka,KZ,2020-11-29 03:16:59,50.56,72.57,7.86,95,100,13.15
304,Dargaville,NZ,2020-11-29 03:17:00,-35.93,173.88,65.55,86,100,15.41
305,Constantine,DZ,2020-11-29 03:17:00,36.37,6.61,50.0,76,75,16.11
306,Hidalgotitlan,MX,2020-11-29 03:17:00,17.78,-94.63,71.78,93,0,4.79
307,Kodiak,US,2020-11-29 03:17:00,57.79,-152.41,32.0,85,1,4.7
308,Rabo De Peixe,PT,2020-11-29 03:17:00,37.8,-25.58,53.6,62,20,21.92
309,Puerto Cabezas,NI,2020-11-29 03:17:00,14.04,-83.39,76.89,87,42,7.14
310,Linfen,CN,2020-11-29 03:12:03,36.09,111.52,39.69,68,74,3.78
311,Touros,BR,2020-11-29 03:17:00,-5.2,-35.46,77.0,83,20,5.82
312,Grindavik,IS,2020-11-29 03:17:01,63.84,-22.43,35.6,100,90,13.87
313,Walvis Bay,NA,2020-11-29 03:17:01,-22.96,14.51,57.2,87,0,12.75
314,Auki,SB,2020-11-29 03:17:01,-8.77,160.7,82.81,79,100,5.46
315,Nemuro,JP,2020-11-29 03:15:16,43.32,145.57,37.4,51,20,5.82
316,Lorengau,PG,2020-11-29 03:17:01,-2.02,147.27,85.75,71,91,8.08
317,Puerto Madryn,AR,2020-11-29 03:17:01,-42.77,-65.04,57.38,58,95,7.31
318,Quelimane,MZ,2020-11-29 03:17:01,-17.88,36.89,78.01,88,40,3.36
319,Saldanha,ZA,2020-11-29 03:17:01,-33.01,17.94,57.2,76,2,9.17
320,Rockhampton,AU,2020-11-29 03:17:01,-23.38,150.5,89.6,35,40,8.05
321,Talara,PE,2020-11-29 03:17:02,-4.58,-81.27,66.2,87,54,12.73
322,Portland,US,2020-11-29 03:12:43,45.52,-122.68,44.01,94,26,1.01
323,Macapa,BR,2020-11-29 03:17:02,0.04,-51.07,82.4,100,75,9.17
324,Callaway,US,2020-11-29 03:17:02,30.15,-85.57,66.99,82,75,8.05
325,Alta Floresta,BR,2020-11-29 03:17:02,-9.88,-56.09,70.9,95,15,0.98
326,North Platte,US,2020-11-29 03:12:03,41.12,-100.77,28.4,58,1,7.9
327,Mount Gambier,AU,2020-11-29 03:17:02,-37.83,140.77,62.6,55,90,16.11
328,Alekseyevsk,RU,2020-11-29 03:17:02,57.84,108.35,2.68,91,96,2.89
329,Chokurdakh,RU,2020-11-29 03:17:02,70.63,147.92,-5.94,92,100,7.96
330,Mae Ramat,TH,2020-11-29 03:17:02,16.98,98.52,73.4,78,1,3.98
331,Severnyy,RU,2020-11-29 03:17:03,50.68,36.55,33.8,88,75,15.66
332,Ashland,US,2020-11-29 03:12:53,40.82,-82.27,37.0,69,1,9.17
333,Belle Fourche,US,2020-11-29 03:17:03,44.67,-103.85,37.0,31,1,9.17
334,Bocas Del Toro,PA,2020-11-29 03:17:03,9.33,-82.25,78.75,78,1,4.94
335,Mareeba,AU,2020-11-29 03:17:03,-17.0,145.43,86.0,70,75,8.05
336,Isangel,VU,2020-11-29 03:17:03,-19.55,169.27,78.04,66,51,14.14
337,La Asuncion,VE,2020-11-29 03:17:03,11.03,-63.86,80.6,88,68,11.41
338,Okhotsk,RU,2020-11-29 03:17:03,59.38,143.3,8.31,88,97,12.66
339,Mvuma,ZW,2020-11-29 03:17:04,-19.28,30.53,65.84,84,100,5.57
340,Adrar,MR,2020-11-29 03:17:04,20.5,-10.07,60.91,37,100,8.28
341,Souillac,MU,2020-11-29 03:17:04,-20.52,57.52,77.0,78,40,10.29
342,Coquimbo,CL,2020-11-29 03:17:04,-29.95,-71.34,57.2,82,0,6.93
343,Atasu,KZ,2020-11-29 03:17:04,48.68,71.64,10.81,96,100,10.02
344,Gazanjyk,TM,2020-11-29 03:17:04,39.24,55.52,39.63,70,86,24.11
345,Tanout,NE,2020-11-29 03:17:04,14.97,8.89,69.64,24,0,8.43
346,Malmo,SE,2020-11-29 03:17:04,55.61,13.0,37.0,93,75,9.17
347,Khani,GE,2020-11-29 03:17:04,41.96,42.96,50.0,43,0,20.8
348,Cabo San Lucas,MX,2020-11-29 03:14:59,22.89,-109.91,71.6,83,20,3.36
349,Mutis,CO,2020-11-29 03:17:05,6.23,-77.4,76.53,84,29,2.98
350,Te Anau,NZ,2020-11-29 03:17:05,-45.42,167.72,64.69,44,26,2.39
351,Portmore,JM,2020-11-29 03:17:05,17.97,-76.87,78.8,74,20,8.05
352,Los Llanos De Aridane,ES,2020-11-29 03:17:05,28.66,-17.92,62.6,88,0,4.7
353,Oranjemund,NA,2020-11-29 03:17:05,-28.55,16.43,58.57,88,19,15.9
354,Awbari,LY,2020-11-29 03:12:09,26.59,12.78,54.81,43,0,9.44
355,Nalut,LY,2020-11-29 03:17:06,30.33,10.85,51.69,46,0,9.46
356,Omsukchan,RU,2020-11-29 03:17:06,62.53,155.8,-11.16,87,76,6.17
357,Palestine,PS,2020-11-29 03:17:06,31.92,35.2,53.6,93,0,1.12
358,Huarmey,PE,2020-11-29 03:17:06,-10.07,-78.15,67.21,77,94,8.81
359,Molepolole,BW,2020-11-29 03:17:06,-24.41,25.5,64.4,100,75,2.24
360,Carutapera,BR,2020-11-29 03:17:06,-1.2,-46.02,77.85,88,10,5.32
361,Soyo,AO,2020-11-29 03:17:06,-6.13,12.37,77.99,85,100,3.06
362,Vila,PT,2020-11-29 03:17:07,42.03,-8.16,48.99,92,77,3.0
363,Ganzhou,CN,2020-11-29 03:17:07,28.82,115.43,51.8,65,6,4.23
364,Thinadhoo,MV,2020-11-29 03:17:07,0.53,72.93,82.49,65,12,6.11
365,Champerico,GT,2020-11-29 03:17:07,14.3,-91.92,70.0,97,0,5.5
366,Srednekolymsk,RU,2020-11-29 03:17:07,67.45,153.68,-11.83,90,98,6.29
367,Sola,VU,2020-11-29 03:17:07,-13.88,167.55,79.63,85,100,15.93
368,Milkovo,RU,2020-11-29 03:17:07,54.72,158.62,14.58,92,100,1.07
369,Goundam,ML,2020-11-29 03:17:07,16.41,-3.67,68.7,26,0,9.42
370,Uusikaupunki,FI,2020-11-29 03:17:07,60.8,21.41,33.8,86,90,3.36
371,Xai-Xai,MZ,2020-11-29 03:15:36,-25.05,33.64,71.82,88,22,7.0
372,Faya,SA,2020-11-29 03:17:08,18.39,42.45,55.4,93,0,1.32
373,Hirado,JP,2020-11-29 03:17:08,33.36,129.55,55.4,50,40,16.11
374,Ngorongoro,TZ,2020-11-29 03:12:57,-3.24,35.49,53.58,100,100,3.0
375,Nome,US,2020-11-29 03:17:08,64.5,-165.41,15.8,72,20,14.99
376,Baculin,PH,2020-11-29 03:17:08,7.45,126.58,85.84,64,99,11.54
377,Kunda,IN,2020-11-29 03:13:05,25.72,81.52,66.83,39,0,4.12
378,Kirakira,SB,2020-11-29 03:17:08,-10.45,161.92,82.33,81,57,11.86
379,Kahului,US,2020-11-29 03:17:09,20.89,-156.47,78.8,65,20,17.22
380,Nikolayevka,RU,2020-11-29 03:17:09,53.13,47.2,28.17,98,100,7.07
381,Seoul,KR,2020-11-29 03:15:01,37.57,126.98,35.6,47,90,3.36
382,Uarini,BR,2020-11-29 03:17:09,-2.99,-65.11,74.61,96,86,1.66
383,Tieling,CN,2020-11-29 03:17:09,42.29,123.84,21.24,79,66,6.04
384,Lakselv,NO,2020-11-29 03:17:09,70.05,24.97,33.8,74,20,18.34
385,Takoradi,GH,2020-11-29 03:17:10,4.88,-1.76,78.04,85,0,4.38
386,San Patricio,US,2020-11-29 03:17:10,28.02,-97.52,66.99,100,90,16.11
387,Kayasula,RU,2020-11-29 03:17:10,44.33,45.0,35.1,88,13,3.94
388,Petropavlovsk-Kamchatskiy,RU,2020-11-29 03:17:10,53.05,158.65,24.8,62,99,2.24
389,Yumen,CN,2020-11-29 03:17:10,40.28,97.2,23.27,81,100,19.69
390,Cururupu,BR,2020-11-29 03:12:21,-1.83,-44.87,76.53,92,86,3.76
391,Gaoual,GN,2020-11-29 03:17:10,11.75,-13.2,68.77,41,52,1.32
392,George Town,MY,2020-11-29 03:17:10,5.41,100.34,84.2,78,20,4.7
393,Vaasa,FI,2020-11-29 03:17:11,63.1,21.62,30.2,92,90,4.7
394,Nechi,CO,2020-11-29 03:17:11,8.09,-74.78,75.63,96,100,1.3
395,Sur,OM,2020-11-29 03:17:11,22.57,59.53,72.34,59,0,8.77
396,Vyartsilya,RU,2020-11-29 03:17:11,62.18,30.69,27.37,96,98,4.65
397,Darapidap,PH,2020-11-29 03:17:11,17.21,120.41,87.73,56,98,2.75
398,Volovo,UA,2020-11-29 03:17:11,48.52,23.51,28.35,95,100,2.46
399,Richmond,US,2020-11-29 03:16:27,37.55,-77.46,44.6,81,1,3.36
400,Hot Springs,US,2020-11-29 03:14:35,34.5,-93.06,44.01,75,1,5.82
401,Stephenville,US,2020-11-29 03:17:11,32.22,-98.2,44.6,93,90,5.82
402,Sioux Lookout,CA,2020-11-29 03:17:12,50.1,-91.92,28.4,74,90,4.7
403,Adre,TD,2020-11-29 03:17:12,13.47,22.2,63.3,29,0,12.33
404,Nantucket,US,2020-11-29 03:17:12,41.28,-70.1,48.2,57,1,10.29
405,Benjamin Hill,MX,2020-11-29 03:17:12,30.17,-111.1,57.0,22,0,5.01
406,Horqueta,PY,2020-11-29 03:17:12,-23.34,-57.06,80.6,58,0,3.87
407,Irtyshskiy,RU,2020-11-29 03:17:12,58.33,68.13,1.65,94,9,4.12
408,Versalles,FR,2020-11-29 03:17:12,48.8,2.13,43.0,93,0,3.36
409,Batesville,US,2020-11-29 03:13:31,35.77,-91.64,39.2,80,1,2.08
410,Akdepe,TM,2020-11-29 03:17:12,42.06,59.38,28.4,92,0,13.87
411,Pingliang,CN,2020-11-29 03:17:12,35.54,106.69,31.69,80,0,2.59
412,Beyneu,KZ,2020-11-29 03:17:12,45.32,55.2,28.6,95,0,13.73
413,Pandan,PH,2020-11-29 03:17:13,14.05,124.17,83.86,75,84,15.86
414,Lugovoy,KZ,2020-11-29 03:17:13,42.95,72.76,21.27,91,45,2.3
415,Russkaya Polyana,UA,2020-11-29 03:17:13,49.42,31.92,37.18,90,100,3.22
416,Makakilo City,US,2020-11-29 03:16:18,21.35,-158.09,80.6,47,1,8.05
417,Passo De Camaragibe,BR,2020-11-29 03:17:13,-9.24,-35.49,73.4,88,0,4.7
418,Weyburn,CA,2020-11-29 03:15:04,49.67,-103.85,28.4,79,99,21.92
419,Aklavik,CA,2020-11-29 03:17:13,68.22,-135.01,-0.4,84,71,5.82
420,Sun Prairie,US,2020-11-29 03:17:13,43.18,-89.21,42.8,75,1,6.93
421,Siilinjarvi,FI,2020-11-29 03:17:14,63.08,27.67,30.2,92,90,8.05
422,San Cristobal,VE,2020-11-29 03:13:39,7.77,-72.22,64.45,92,96,2.53
423,Havelock,US,2020-11-29 03:12:46,34.88,-76.9,52.0,93,1,4.7
424,Ballina,AU,2020-11-29 03:17:14,-28.87,153.57,96.8,48,62,19.46
425,Aykhal,RU,2020-11-29 03:17:14,66.0,111.5,-0.4,84,0,2.24
426,Birjand,IR,2020-11-29 03:17:14,32.87,59.22,51.8,27,75,9.17
427,Dudinka,RU,2020-11-29 03:17:14,69.41,86.18,6.8,84,90,26.84
428,Tieli,CN,2020-11-29 03:17:14,46.95,128.05,7.92,91,20,5.5
429,Ilulissat,GL,2020-11-29 03:17:14,69.22,-51.1,12.2,56,99,3.36
430,Beyla,GN,2020-11-29 03:17:14,8.68,-8.63,68.14,85,19,2.1
431,Wilbraham,US,2020-11-29 03:17:15,42.12,-72.43,39.2,60,1,8.05
432,Mbalmayo,CM,2020-11-29 03:17:15,3.52,11.5,71.6,94,75,2.57
433,Praia,CV,2020-11-29 03:15:15,14.92,-23.51,73.4,69,75,9.17
434,Isabela,PH,2020-11-29 03:17:15,6.71,121.97,84.2,79,75,3.36
435,Hamilton,US,2020-11-29 03:15:04,39.18,-84.53,39.99,69,1,4.34
436,Huilong,CN,2020-11-29 03:17:15,31.81,121.66,51.01,56,39,11.23
437,Hambantota,LK,2020-11-29 03:17:15,6.12,81.12,78.8,94,20,3.36
438,Tuzah,TN,2020-11-29 03:17:15,35.64,10.83,55.4,62,96,17.22
439,Port Lincoln,AU,2020-11-29 03:17:15,-34.73,135.87,63.32,56,21,12.86
440,Conde,BR,2020-11-29 03:17:16,-7.26,-34.91,75.2,88,20,4.7
441,Bowen,AU,2020-11-29 03:17:16,-20.02,148.23,86.0,42,0,11.41
442,Chapais,CA,2020-11-29 03:17:16,49.78,-74.85,28.4,92,90,6.93
443,Murgab,TM,2020-11-29 03:17:16,37.5,61.97,33.8,86,90,4.7
444,Hami,CN,2020-11-29 03:17:16,42.8,93.45,28.9,74,100,5.08
445,Puerto Narino,CO,2020-11-29 03:17:16,-3.77,-70.38,77.0,100,40,2.24
446,Poso,ID,2020-11-29 03:17:16,-1.4,120.75,87.87,58,70,5.1
447,Pangnirtung,CA,2020-11-29 03:17:16,66.15,-65.71,13.6,86,100,3.78
448,Nushki,PK,2020-11-29 03:17:17,29.55,66.02,51.4,38,1,2.42
449,Bay Roberts,CA,2020-11-29 03:17:17,47.6,-53.26,51.01,100,90,4.7
450,Prince Rupert,CA,2020-11-29 03:17:17,54.32,-130.32,46.4,87,90,19.46
451,Tsiroanomandidy,MG,2020-11-29 03:17:17,-18.77,46.03,72.57,79,3,4.07
452,Lazaro Cardenas,MX,2020-11-29 03:17:17,17.96,-102.2,76.8,82,66,1.86
453,Cayenne,GF,2020-11-29 03:17:17,4.93,-52.33,75.2,100,20,2.24
454,Santa Lucia,ES,2020-11-29 03:17:17,27.91,-15.54,63.0,77,20,5.82
455,Gairo,IT,2020-11-29 03:17:17,39.85,9.5,57.2,82,75,6.93
456,Antalaha,MG,2020-11-29 03:17:18,-14.9,50.28,72.5,79,0,6.02
457,Porto Santo,PT,2020-11-29 03:17:18,33.07,-16.34,57.2,76,40,19.46
458,Hofn,IS,2020-11-29 03:17:18,64.25,-15.21,39.52,93,100,17.92
459,Umm Kaddadah,SD,2020-11-29 03:17:18,13.6,26.69,62.02,29,0,12.24
460,Qaqortoq,GL,2020-11-29 03:17:18,60.72,-46.03,32.0,94,75,10.29
461,Severomuysk,RU,2020-11-29 03:17:18,56.15,113.43,-8.95,90,27,3.8
462,Isperih,BG,2020-11-29 03:17:18,43.72,26.83,37.0,71,100,1.01
463,Perez,AR,2020-11-29 03:17:18,-33.0,-60.77,62.6,100,0,6.2
464,Youghal,IE,2020-11-29 03:17:18,51.95,-7.85,51.01,100,75,9.17
465,Yerbogachen,RU,2020-11-29 03:17:18,61.28,108.01,-11.13,89,42,4.27
466,Sete,FR,2020-11-29 03:17:18,43.4,3.7,44.6,81,0,5.82
467,Saint-Joseph,RE,2020-11-29 03:17:19,-21.37,55.62,78.8,54,0,3.36
468,Skegness,GB,2020-11-29 03:17:19,53.14,0.34,46.99,94,68,5.32
469,Borborema,BR,2020-11-29 03:17:19,-21.62,-49.07,75.16,65,67,5.37
470,Guerrero Negro,MX,2020-11-29 03:17:19,27.98,-114.06,62.64,62,0,11.07
471,Provideniya,RU,2020-11-29 03:17:19,64.38,-173.3,15.48,90,35,7.61
472,Labelle,US,2020-11-29 03:17:19,26.76,-81.44,68.0,93,75,5.06
473,Eenhana,NA,2020-11-29 03:17:19,-17.47,16.33,68.9,80,100,7.56
474,Narsaq,GL,2020-11-29 03:17:19,60.92,-46.05,32.0,93,78,10.29
475,Normandin,CA,2020-11-29 03:17:19,48.83,-72.53,33.8,92,96,3.36
476,Bandundu,CD,2020-11-29 03:17:20,-3.32,17.37,68.11,95,63,0.49
477,Calama,CL,2020-11-29 03:17:20,-22.47,-68.93,55.4,19,0,6.93
478,Robertsport,LR,2020-11-29 03:17:20,6.75,-11.37,79.29,81,27,1.97
479,Bonavista,CA,2020-11-29 03:17:13,48.65,-53.11,44.01,100,100,7.4
480,Yar-Sale,RU,2020-11-29 03:17:20,66.83,70.83,9.09,94,67,10.76
481,Havoysund,NO,2020-11-29 03:17:20,71.0,24.66,39.2,85,81,20.8
482,Terrace,CA,2020-11-29 03:15:03,54.52,-128.6,35.6,93,90,18.34
483,Maralal,KE,2020-11-29 03:17:20,1.1,36.7,56.8,91,32,5.55
484,Dingle,PH,2020-11-29 03:17:20,11.0,122.67,84.25,72,81,14.5
485,Vestmannaeyjar,IS,2020-11-29 03:17:21,63.44,-20.27,43.93,74,100,28.74
486,Fairbanks,US,2020-11-29 03:17:21,64.84,-147.72,14.0,77,75,3.74
487,Chantada,ES,2020-11-29 03:17:21,42.61,-7.77,50.0,88,99,1.99
488,Bud,US,2020-11-29 03:17:21,39.45,-86.18,39.0,64,1,6.17
489,Anju,KP,2020-11-29 03:17:21,39.62,125.66,31.01,73,96,6.02
490,Killybegs,IE,2020-11-29 03:17:21,54.63,-8.45,46.99,94,81,4.0
491,Beringovskiy,RU,2020-11-29 03:17:21,63.05,179.32,7.38,92,5,12.59
492,Muli,MV,2020-11-29 03:17:21,2.92,73.57,82.4,63,57,3.22
493,Meulaboh,ID,2020-11-29 03:17:21,4.14,96.13,82.56,71,43,4.34
494,Abaete,BR,2020-11-29 03:17:22,-19.16,-45.45,69.01,79,1,6.04
495,Berlevag,NO,2020-11-29 03:17:22,70.86,29.09,33.62,90,92,25.93
496,Vieste,IT,2020-11-29 03:17:22,41.88,16.18,55.0,100,75,4.7
497,Mikhaylovsk,RU,2020-11-29 03:17:22,45.13,42.03,33.8,100,90,11.18
498,Manhush,UA,2020-11-29 03:17:22,47.06,37.31,39.76,78,83,9.73
499,Abu Samrah,SY,2020-11-29 03:17:22,35.3,37.18,50.04,71,7,3.29
500,Wahpeton,US,2020-11-29 03:17:22,46.27,-96.61,41.0,74,1,9.17
501,Namibe,AO,2020-11-29 03:17:22,-15.2,12.15,71.38,77,98,2.86
502,Kemijarvi,FI,2020-11-29 03:17:22,66.71,27.43,27.34,96,100,10.63
503,Atar,MR,2020-11-29 03:17:23,20.52,-13.05,62.71,41,100,6.31
504,Abu Dhabi,AE,2020-11-29 03:17:23,24.47,54.37,68.0,72,0,5.82
505,Fortuna,US,2020-11-29 03:17:23,40.6,-124.16,44.01,90,83,1.01
506,Floral Park,US,2020-11-29 03:17:23,40.72,-73.7,46.0,65,1,12.75
507,Vostok,RU,2020-11-29 03:17:23,46.49,135.88,9.14,89,100,6.44
508,Santa Maria,BR,2020-11-29 03:17:23,-29.68,-53.81,73.17,83,100,12.06
509,Chimbote,PE,2020-11-29 03:17:23,-9.09,-78.58,64.74,83,100,5.86
510,Barinas,VE,2020-11-29 03:17:23,8.62,-70.21,72.82,87,98,2.8
511,Pop,UZ,2020-11-29 03:17:23,40.87,71.11,28.4,92,0,3.09
512,West Fargo,US,2020-11-29 03:17:24,46.88,-96.9,44.6,48,1,13.87
513,Batemans Bay,AU,2020-11-29 03:17:24,-35.72,150.18,95.0,23,34,3.0
514,Muros,ES,2020-11-29 03:17:24,42.78,-9.06,53.01,90,70,1.01
515,Moree,AU,2020-11-29 03:17:24,-29.47,149.85,100.4,13,41,17.22
516,Farafangana,MG,2020-11-29 03:17:24,-22.82,47.83,75.4,88,10,8.75
517,Ormara,PK,2020-11-29 03:17:24,25.21,64.64,72.75,45,0,3.42
518,Alyangula,AU,2020-11-29 03:17:24,-13.85,136.42,87.8,66,75,10.29
519,Saint George,US,2020-11-29 03:15:51,37.1,-113.58,41.0,29,1,0.72
520,Tucuman,AR,2020-11-29 03:17:25,-26.82,-65.22,80.6,74,0,3.36
521,Koulikoro,ML,2020-11-29 03:17:25,14.0,-7.75,66.52,26,0,6.82
522,Kidal,ML,2020-11-29 03:17:25,18.44,1.41,65.8,26,0,9.82
523,Bejar,ES,2020-11-29 03:17:25,40.39,-5.76,46.99,91,94,4.16
524,Kisii,KE,2020-11-29 03:17:25,-0.68,34.77,58.44,95,100,2.71
525,Smidovich,RU,2020-11-29 03:17:25,48.6,133.82,14.65,79,94,5.95
526,Sakakah,SA,2020-11-29 03:17:25,29.97,40.21,53.6,87,20,3.91
527,Muroto,JP,2020-11-29 03:17:25,33.28,134.15,59.0,44,20,9.17
528,Smithers,CA,2020-11-29 03:15:06,54.78,-127.17,26.6,86,90,8.05
529,Baykit,RU,2020-11-29 03:17:26,61.67,96.37,6.91,91,100,3.02
530,Lormi,IN,2020-11-29 03:17:26,22.28,81.73,70.61,48,0,2.51
531,Najran,SA,2020-11-29 03:17:26,17.49,44.13,64.4,48,0,4.7
532,Minturno,IT,2020-11-29 03:17:26,41.26,13.72,53.6,93,75,5.82
533,Grande Prairie,CA,2020-11-29 03:14:59,55.17,-118.8,24.8,62,75,5.82
534,Bani Walid,LY,2020-11-29 03:17:26,31.76,13.99,56.37,45,63,12.3
535,Olafsvik,IS,2020-11-29 03:17:26,64.89,-23.71,36.36,95,100,11.72
536,Inirida,CO,2020-11-29 03:17:26,3.87,-67.92,71.87,98,74,2.51
537,Oktyabrskoye,RU,2020-11-29 03:17:27,43.06,44.74,15.8,92,10,6.71
538,Ostersund,SE,2020-11-29 03:17:27,63.18,14.64,25.0,92,25,0.69
539,Bilma,NE,2020-11-29 03:17:27,18.69,12.92,66.58,27,0,5.64
540,Skjervoy,NO,2020-11-29 03:17:27,70.03,20.97,41.65,74,61,21.05
541,Berga,NO,2020-11-29 03:17:27,60.39,5.33,44.01,75,75,18.34
542,Shahe,CN,2020-11-29 03:17:27,39.27,113.55,23.97,88,82,7.94
543,Skibbereen,IE,2020-11-29 03:17:27,51.55,-9.27,50.0,100,75,9.17
544,Ampanihy,MG,2020-11-29 03:17:28,-24.7,44.75,73.08,87,72,6.06
545,Bambanglipuro,ID,2020-11-29 03:17:28,-7.95,110.28,77.13,91,100,10.38
546,Kikwit,CD,2020-11-29 03:17:28,-5.04,18.82,68.09,98,100,0.43
547,Soe,ID,2020-11-29 03:17:28,-9.86,124.28,88.21,38,92,6.55
548,Laguna,US,2020-11-29 03:17:28,38.42,-121.42,48.99,65,1,1.01
549,Tres Arroyos,AR,2020-11-29 03:17:28,-38.37,-60.28,62.73,65,0,8.05
550,Mindelo,CV,2020-11-29 03:17:28,16.89,-24.98,73.4,64,75,11.41
551,Tateyama,JP,2020-11-29 03:17:28,34.98,139.87,57.99,50,40,9.17
552,Am Timan,TD,2020-11-29 03:17:28,11.03,20.28,70.21,29,0,5.44
553,Dong Hoi,VN,2020-11-29 03:17:29,17.48,106.6,70.27,84,100,19.73
554,Ewa Beach,US,2020-11-29 03:17:29,21.32,-158.01,80.6,47,1,8.05
555,Matagami,CA,2020-11-29 03:17:29,49.75,-77.63,28.4,92,90,3.36
556,Bacungan,PH,2020-11-29 03:17:29,9.91,118.7,86.0,74,90,6.93
557,Berwick,US,2020-11-29 03:17:29,41.05,-76.23,37.99,85,0,3.8
558,Almaznyy,RU,2020-11-29 03:17:29,48.04,40.05,39.2,93,75,15.66
559,Birin,NP,2020-11-29 03:17:29,26.89,88.07,61.02,49,0,1.57
560,Stillwater,US,2020-11-29 03:14:23,36.12,-97.06,46.0,70,90,5.82
561,Halifax,CA,2020-11-29 03:17:30,44.65,-63.57,41.0,93,42,6.93
562,Turochak,RU,2020-11-29 03:17:30,52.26,87.12,14.29,90,59,2.08
563,Alugan,PH,2020-11-29 03:17:30,12.22,125.48,82.0,82,100,12.1
564,Bijar,IR,2020-11-29 03:17:30,35.87,47.61,37.09,97,100,11.27
565,Mountain Home,US,2020-11-29 03:17:30,43.13,-115.69,30.2,100,40,8.05
566,Maceio,BR,2020-11-29 03:17:30,-9.67,-35.74,73.4,88,0,4.7
567,Balakhta,RU,2020-11-29 03:17:30,55.38,91.6,0.77,90,0,2.13
568,Shubarshi,KZ,2020-11-29 03:17:30,48.59,57.19,14.99,94,0,6.62
569,Madang,PG,2020-11-29 03:17:30,-5.22,145.8,83.14,80,55,3.18
570,Jiaonan,CN,2020-11-29 03:17:30,35.88,119.98,39.99,55,0,4.47
571,Aden,YE,2020-11-29 03:15:07,12.78,45.04,78.73,76,0,11.59
572,Port-Cartier,CA,2020-11-29 03:17:31,50.03,-66.87,30.2,100,90,4.7
573,Mumford,GH,2020-11-29 03:17:31,5.26,-0.76,77.52,87,2,5.12
574,Pantai Remis,MY,2020-11-29 03:17:31,4.46,100.63,80.6,88,20,3.36
575,Pierre,US,2020-11-29 03:17:31,44.37,-100.35,48.0,28,1,16.11
576,Nuuk,GL,2020-11-29 03:17:31,64.18,-51.72,30.2,80,100,17.22
577,De-Kastri,RU,2020-11-29 03:17:31,51.47,140.78,15.48,92,100,13.71
578,Puerto Escondido,MX,2020-11-29 03:17:31,15.85,-97.07,79.54,77,96,2.89
579,Yarada,IN,2020-11-29 03:17:31,17.65,83.27,75.2,69,20,4.7
580,Teguldet,RU,2020-11-29 03:17:32,57.31,88.17,8.94,92,0,6.62
581,Gulabpura,IN,2020-11-29 03:17:32,25.9,74.67,64.87,30,0,1.99
582,Weihai,CN,2020-11-29 03:17:32,37.5,122.11,39.74,73,100,14.94
583,Luderitz,NA,2020-11-29 03:17:32,-26.65,15.16,60.8,72,0,18.34
584,Whitley Bay,GB,2020-11-29 03:17:32,55.04,-1.45,44.01,93,100,4.43
585,Ngunguru,NZ,2020-11-29 03:17:32,-35.62,174.5,69.01,83,82,14.0
586,Kyren,RU,2020-11-29 03:17:32,51.68,102.14,12.33,82,3,0.25
